case,load_scale,requested_pen_pct,actual_pen_pct,classical_converged,ibr_converged,n_limited,limited_buses,max_dvm_pu,rmse_vm_pu,vm_min_classical,vm_min_ibr
case14,1,0,0,True,True,0,,0,0,1.01,1.01
case14,1,20,20.8211,True,True,0,,0,0,1.01,1.01
case14,1,40,50.5656,True,True,0,,0,0,1.01,1.01
case14,1,60,65.4379,True,True,0,,0,0,1.01,1.01
case14,1,80,65.4379,True,True,0,,0,0,1.01,1.01
case14,1,100,100,True,True,0,,0,0,1.01,1.01
case14,1.1,0,0,True,True,0,,0,0,1.01,1.01
case14,1.1,20,20.8211,True,True,0,,0.00455577,0.00144952,1.01,1.01
case14,1.1,40,50.5656,True,True,0,,0.00455577,0.00144952,1.01,1.01
case14,1.1,60,65.4379,True,True,0,,0.00455577,0.00144952,1.01,1.01
case14,1.1,80,65.4379,True,True,0,,0.00455577,0.00144952,1.01,1.01
case14,1.1,100,100,True,True,0,,0.00455577,0.00144952,1.01,1.01
case14,1.2,0,0,True,True,0,,0,0,0.938252,0.938252
case14,1.2,20,20.8211,True,True,0,,0.0533426,0.0443406,0.938252,0.986547
case14,1.2,40,50.5656,True,True,0,,0.0909844,0.0732127,0.938252,1.01
case14,1.2,60,65.4379,True,True,0,,0.0909844,0.0732127,0.938252,1.01
case14,1.2,80,65.4379,True,True,0,,0.0909844,0.0732127,0.938252,1.01
case14,1.2,100,100,True,True,0,,0.0909844,0.0732127,0.938252,1.01
case14,1.3,0,0,True,True,0,,0,0,0.826565,0.826565
case14,1.3,20,20.8211,True,True,0,,0.143579,0.103388,0.826565,0.944126
case14,1.3,40,50.5656,True,True,0,,0.233807,0.165238,0.826565,1.00834
case14,1.3,60,65.4379,True,True,0,,0.233807,0.165238,0.826565,1.00834
case14,1.3,80,65.4379,True,True,0,,0.233807,0.165238,0.826565,1.00834
case14,1.3,100,100,True,True,0,,0.233807,0.165238,0.826565,1.00834
case14,1.4,0,0,True,True,0,,0,0,0.785118,0.785118
case14,1.4,20,20.8211,True,True,0,,0.0120917,0.010357,0.785118,0.79721
case14,1.4,40,50.5656,True,True,0,,0.231536,0.186936,0.785118,1.00201
case14,1.4,60,65.4379,True,True,0,,0.232557,0.19236,0.785118,1.00492
case14,1.4,80,65.4379,True,True,0,,0.232557,0.19236,0.785118,1.00492
case14,1.4,100,100,True,True,0,,0.232557,0.19236,0.785118,1.00492
case14,1.5,0,0,False,False,0,,nan,nan,nan,nan
case14,1.5,20,20.8211,False,False,0,,nan,nan,nan,nan
case14,1.5,40,50.5656,False,True,0,,nan,nan,nan,nan
case14,1.5,60,65.4379,False,True,0,,nan,nan,nan,nan
case14,1.5,80,65.4379,False,True,0,,nan,nan,nan,nan
case14,1.5,100,100,False,True,0,,nan,nan,nan,nan
case14,1.6,0,0,False,False,0,,nan,nan,nan,nan
case14,1.6,20,20.8211,False,False,0,,nan,nan,nan,nan
case14,1.6,40,50.5656,False,True,0,,nan,nan,nan,nan
case14,1.6,60,65.4379,False,True,0,,nan,nan,nan,nan
case14,1.6,80,65.4379,False,True,0,,nan,nan,nan,nan
case14,1.6,100,100,False,True,0,,nan,nan,nan,nan
case30,1,0,0,True,True,0,,0,0,0.960624,0.960624
case30,1,20,28.4724,True,True,0,,0,0,0.960624,0.960624
case30,1,40,48.0472,True,True,0,,0,0,0.960624,0.960624
case30,1,60,65.8424,True,True,0,,0,0,0.960624,0.960624
case30,1,80,80.0786,True,True,0,,0,0,0.960624,0.960624
case30,1,100,100,True,True,0,,0,0,0.960624,0.960624
case30,1.1,0,0,True,True,0,,0,0,0.954753,0.954753
case30,1.1,20,28.4724,True,True,0,,0,0,0.954753,0.954753
case30,1.1,40,48.0472,True,True,0,,0,0,0.954753,0.954753
case30,1.1,60,65.8424,True,True,0,,0,0,0.954753,0.954753
case30,1.1,80,80.0786,True,True,0,,0,0,0.954753,0.954753
case30,1.1,100,100,True,True,0,,0,0,0.954753,0.954753
case30,1.2,0,0,True,True,0,,0,0,0.948677,0.948677
case30,1.2,20,28.4724,True,True,0,,0,0,0.948677,0.948677
case30,1.2,40,48.0472,True,True,0,,0,0,0.948677,0.948677
case30,1.2,60,65.8424,True,True,0,,0,0,0.948677,0.948677
case30,1.2,80,80.0786,True,True,0,,0,0,0.948677,0.948677
case30,1.2,100,100,True,True,0,,0,0,0.948677,0.948677
case30,1.3,0,0,True,True,0,,0,0,0.942385,0.942385
case30,1.3,20,28.4724,True,True,0,,0,0,0.942385,0.942385
case30,1.3,40,48.0472,True,True,0,,0,0,0.942385,0.942385
case30,1.3,60,65.8424,True,True,0,,0,0,0.942385,0.942385
case30,1.3,80,80.0786,True,True,0,,0,0,0.942385,0.942385
case30,1.3,100,100,True,True,0,,0,0,0.942385,0.942385
case30,1.4,0,0,True,True,0,,0,0,0.917319,0.917319
case30,1.4,20,28.4724,True,True,0,,0.0315432,0.0171561,0.917319,0.935863
case30,1.4,40,48.0472,True,True,0,,0.0315432,0.0171561,0.917319,0.935863
case30,1.4,60,65.8424,True,True,0,,0.0315432,0.0171561,0.917319,0.935863
case30,1.4,80,80.0786,True,True,0,,0.0315432,0.0171561,0.917319,0.935863
case30,1.4,100,100,True,True,0,,0.0315432,0.0171561,0.917319,0.935863
case30,1.5,0,0,True,True,0,,0,0,0.902442,0.902442
case30,1.5,20,28.4724,True,True,0,,0.00893362,0.00366025,0.902442,0.908035
case30,1.5,40,48.0472,True,True,0,,0.00893362,0.00366025,0.902442,0.908035
case30,1.5,60,65.8424,True,True,0,,0.0421732,0.018926,0.902442,0.916902
case30,1.5,80,80.0786,True,True,0,,0.0421732,0.018926,0.902442,0.916902
case30,1.5,100,100,True,True,0,,0.0421732,0.018926,0.902442,0.916902
case30,1.6,0,0,True,True,0,,0,0,0.884836,0.884836
case30,1.6,20,28.4724,True,True,0,,0.00917315,0.00381219,0.884836,0.890689
case30,1.6,40,48.0472,True,True,0,,0.00917315,0.00381219,0.884836,0.890689
case30,1.6,60,65.8424,True,True,0,,0.060353,0.0265723,0.884836,0.903865
case30,1.6,80,80.0786,True,True,0,,0.060353,0.0265723,0.884836,0.903865
case30,1.6,100,100,True,True,0,,0.060353,0.0265723,0.884836,0.903865
case39,1,0,0,True,True,0,,0,0,0.982,0.982
case39,1,20,28.9233,True,True,0,,0,0,0.982,0.982
case39,1,40,40.6143,True,True,0,,0,0,0.982,0.982
case39,1,60,68.5105,True,True,0,,0,0,0.982,0.982
case39,1,80,83.9723,True,True,0,,0.000525428,9.98372e-05,0.982,0.982
case39,1,100,100,True,True,0,,0.000525428,9.98372e-05,0.982,0.982
case39,1.1,0,0,True,True,0,,0,0,0.948464,0.948464
case39,1.1,20,28.9233,True,True,0,,0,0,0.948464,0.948464
case39,1.1,40,40.6143,True,True,0,,0,0,0.948464,0.948464
case39,1.1,60,68.5105,True,True,0,,0.0356362,0.00951131,0.948464,0.969363
case39,1.1,80,83.9723,True,True,0,,0.0356362,0.00951131,0.948464,0.969363
case39,1.1,100,100,True,True,0,,0.0356362,0.0104075,0.948464,0.969759
case39,1.2,0,0,False,False,0,,nan,nan,nan,nan
case39,1.2,20,28.9233,False,False,0,,nan,nan,nan,nan
case39,1.2,40,40.6143,False,False,0,,nan,nan,nan,nan
case39,1.2,60,68.5105,False,False,0,,nan,nan,nan,nan
case39,1.2,80,83.9723,False,False,0,,nan,nan,nan,nan
case39,1.2,100,100,False,False,0,,nan,nan,nan,nan
case39,1.3,0,0,False,False,0,,nan,nan,nan,nan
case39,1.3,20,28.9233,False,False,0,,nan,nan,nan,nan
case39,1.3,40,40.6143,False,False,0,,nan,nan,nan,nan
case39,1.3,60,68.5105,False,False,0,,nan,nan,nan,nan
case39,1.3,80,83.9723,False,False,0,,nan,nan,nan,nan
case39,1.3,100,100,False,False,0,,nan,nan,nan,nan
case39,1.4,0,0,False,False,0,,nan,nan,nan,nan
case39,1.4,20,28.9233,False,False,0,,nan,nan,nan,nan
case39,1.4,40,40.6143,False,False,0,,nan,nan,nan,nan
case39,1.4,60,68.5105,False,False,0,,nan,nan,nan,nan
case39,1.4,80,83.9723,False,False,0,,nan,nan,nan,nan
case39,1.4,100,100,False,False,0,,nan,nan,nan,nan
case39,1.5,0,0,False,False,0,,nan,nan,nan,nan
case39,1.5,20,28.9233,False,False,0,,nan,nan,nan,nan
case39,1.5,40,40.6143,False,False,0,,nan,nan,nan,nan
case39,1.5,60,68.5105,False,False,0,,nan,nan,nan,nan
case39,1.5,80,83.9723,False,False,0,,nan,nan,nan,nan
case39,1.5,100,100,False,False,0,,nan,nan,nan,nan
case39,1.6,0,0,False,False,0,,nan,nan,nan,nan
case39,1.6,20,28.9233,False,False,0,,nan,nan,nan,nan
case39,1.6,40,40.6143,False,False,0,,nan,nan,nan,nan
case39,1.6,60,68.5105,False,False,0,,nan,nan,nan,nan
case39,1.6,80,83.9723,False,False,0,,nan,nan,nan,nan
case39,1.6,100,100,False,False,0,,nan,nan,nan,nan
